{"cameraMode":{"drawMode":0,"name":"Shaded","section":"Shading Mode"},"sceneLighting":true,"audioPlay":false,"sceneViewState":{"m_AlwaysRefresh":false,"showFog":true,"showSkybox":true,"showFlares":true,"showImageEffects":true,"showParticleSystems":true,"showVisualEffectGraphs":true,"m_FxEnabled":true},"in2DMode":false,"pivot":{"x":7.916319847106934,"y":5.79203987121582,"z":-3.6570510864257814},"rotation":{"x":-0.15586209297180177,"y":-0.12645967304706574,"z":0.020123405382037164,"w":-0.9794480204582214},"size":30.088356018066408,"orthographic":false}