{"cameraMode":{"drawMode":0,"name":"Shaded","section":"Shading Mode"},"sceneLighting":true,"audioPlay":false,"sceneViewState":{"m_AlwaysRefresh":false,"showFog":true,"showSkybox":true,"showFlares":true,"showImageEffects":true,"showParticleSystems":true,"showVisualEffectGraphs":true,"m_FxEnabled":true},"in2DMode":false,"pivot":{"x":488.84271240234377,"y":398.29205322265627,"z":141.7144775390625},"rotation":{"x":-0.1527165025472641,"y":-0.0020431724842637779,"z":0.0004554220649879426,"w":-0.9883097410202026},"size":433.95123291015627,"orthographic":false}